"ltv_segment","total_segment_revenue","percentage_with_total_revenue"
"1-Low-Value",4341809.527328124,2.1035130582907344
"2-Medium-Value",66636451.78723878,32.28392346793627
"3-High-Value",135429277.26549792,65.61256347377356
